key,rank
Duke,1
Arizona,2
Virginia,3
Florida,4
Houston,5
Illinois,6
St. John's,7
Louisville,8
Gonzaga,9
Michigan St.,10
Kansas,11
Connecticut,12
Tennessee,13
Michigan,14
Texas Tech,15
Nebraska,16
Ohio St.,17
Iowa St.,18
Alabama,19
Miami FL,20
Arkansas,21
Purdue,22
UCLA,23
Vanderbilt,24
Texas,25
Villanova,26
Marquette,27
Kentucky,28
Indiana,29
USC,30
Georgia,31
Oregon,32
Oklahoma,33
Auburn,34
Virginia Tech,35
Clemson,36
Maryland,37
N.C. State,38
Cincinnati,39
BYU,40
Missouri,41
Creighton,42
LSU,43
Grand Canyon,44
Texas A&M,45
Iowa,46
Baylor,47
North Carolina,48
Wisconsin,49
UCF,50
TCU,51
SMU,52
VCU,53
Providence,54
Mississippi,55
Oklahoma St.,56
Xavier,57
Syracuse,58
San Diego St.,59
West Virginia,60
Utah St.,61
Mississippi St.,62
DePaul,63
Arizona St.,64
Saint Mary's,65
Washington,66
High Point,67
Saint Louis,68
Wichita St.,69
Florida St.,70
South Carolina,71
Rutgers,72
New Mexico,73
Dayton,74
Seton Hall,75
Northwestern,76
Wake Forest,77
Minnesota,78
Tulsa,79
Georgetown,80
Kansas St.,81
Colorado St.,82
George Washington,83
Boise St.,84
Pittsburgh,85
Nevada,86
California,87
McNeese St.,88
Utah,89
Santa Clara,90
Charlotte,91
Butler,92
South Florida,93
Oregon St.,94
Colorado,95
Illinois Chicago,96
George Mason,97
Notre Dame,98
UC Santa Barbara,99
Stanford,100
Miami OH,101
Murray St.,102
UNLV,103
Illinois St.,104
Boston College,105
Penn St.,106
UNC Wilmington,107
Memphis,108
Georgia Tech,109
Western Kentucky,110
Richmond,111
Belmont,112
North Texas,113
Davidson,114
Akron,115
Northern Iowa,116
Wyoming,117
Fresno St.,118
St. Bonaventure,119
Stephen F. Austin,120
Harvard,121
Florida Atlantic,122
UAB,123
UC San Diego,124
UC Irvine,125
Saint Joseph's,126
Penn,127
Fordham,128
Loyola Marymount,129
Texas St.,130
Kennesaw St.,131
Toledo,132
Hawaii,133
Pacific,134
San Diego,135
Troy,136
UTEP,137
Kent St.,138
Liberty,139
Rhode Island,140
Tarleton St.,141
Valparaiso,142
Middle Tennessee,143
St. Thomas,144
Drake,145
La Salle,146
Pepperdine,147
Utah Valley,148
James Madison,149
Loyola Chicago,150
North Dakota St.,151
Seattle,152
Wright St.,153
Duquesne,154
New Mexico St.,155
Princeton,156
UC Davis,157
Sacramento St.,158
FIU,159
Tulane,160
Eastern Michigan,161
Washington St.,162
Temple,163
Portland,164
Bowling Green,165
Central Arkansas,166
Austin Peay,167
San Francisco,168
Cal Poly,169
Western Carolina,170
Furman,171
East Tennessee St.,172
Texas A&M Corpus Chris,173
Robert Morris,174
Sam Houston St.,175
Merrimack,176
Western Michigan,177
Towson,178
New Orleans,179
Green Bay,180
Charleston,181
Eastern Washington,182
San Jose St.,183
Hampton,184
Vermont,185
American,186
Massachusetts,187
Cal St. Fullerton,188
Bethune Cookman,189
Ohio,190
Arkansas St.,191
Columbia,192
East Carolina,193
William & Mary,194
Yale,195
Northern Colorado,196
Southern Miss,197
Cal Baptist,198
Montana St.,199
Montana,200
Georgia St.,201
Lamar,202
Marist,203
UT Rio Grande Valley,204
Idaho,205
Bradley,206
Queens,207
Tennessee St.,208
Central Michigan,209
Colgate,210
Portland St.,211
UT Arlington,212
Hofstra,213
Cal St. Northridge,214
Louisiana,215
Northern Kentucky,216
Buffalo,217
Longwood,218
Oakland,219
Jacksonville St.,220
Tennessee Tech,221
Jacksonville,222
Winthrop,223
Lipscomb,224
Monmouth,225
Cornell,226
Howard,227
Indiana St.,228
Presbyterian,229
Brown,230
Coastal Carolina,231
Fairfield,232
Samford,233
Campbell,234
Quinnipiac,235
Rice,236
Elon,237
Stony Brook,238
Detroit Mercy,239
Old Dominion,240
Missouri St.,241
Northeastern,242
Northern Illinois,243
Milwaukee,244
Southeast Missouri St.,245
Abilene Christian,246
Oral Roberts,247
Iona,248
Southern Illinois,249
Little Rock,250
UTSA,251
SIU Edwardsville,252
Mercer,253
Long Beach St.,254
Denver,255
Delaware,256
Lehigh,257
Youngstown St.,258
Eastern Kentucky,259
South Alabama,260
UC Riverside,261
Prairie View A&M,262
Chattanooga,263
UMBC,264
Appalachian St.,265
Wofford,266
Air Force,267
LIU,268
South Dakota St.,269
UNC Asheville,270
Siena,271
Ball St.,272
Evansville,273
Alabama St.,274
Purdue Fort Wayne,275
Louisiana Tech,276
Radford,277
Cleveland St.,278
Jackson St.,279
Southeastern Louisiana,280
Florida Gulf Coast,281
Marshall,282
South Dakota,283
Albany,284
Nebraska Omaha,285
Boston University,286
Stetson,287
Houston Christian,288
Mount St. Mary's,289
UNC Greensboro,290
Lindenwood,291
Northwestern St.,292
Nicholls St.,293
Sacred Heart,294
Weber St.,295
New Hampshire,296
Southern Utah,297
West Georgia,298
North Alabama,299
Saint Peter's,300
Bellarmine,301
North Carolina A&T,302
Drexel,303
Niagara,304
Mercyhurst,305
Alabama A&M,306
UMKC,307
Navy,308
NJIT,309
Dartmouth,310
IU Indy,311
Morehead St.,312
UMass Lowell,313
Cal St. Bakersfield,314
Northern Arizona,315
Tennessee Martin,316
Florida A&M,317
North Dakota,318
Idaho St.,319
East Texas A&M,320
Canisius,321
North Florida,322
Southern Indiana,323
Charleston Southern,324
Maine,325
Holy Cross,326
Incarnate Word,327
Binghamton,328
Eastern Illinois,329
Louisiana Monroe,330
Utah Tech,331
Manhattan,332
Lafayette,333
VMI,334
Le Moyne,335
Georgia Southern,336
Loyola MD,337
USC Upstate,338
Wagner,339
Central Connecticut,340
Fairleigh Dickinson,341
Southern,342
Stonehill,343
Norfolk St.,344
Bryant,345
Chicago St.,346
Bucknell,347
New Haven,348
Western Illinois,349
Gardner Webb,350
The Citadel,351
South Carolina St.,352
North Carolina Central,353
Delaware St.,354
Grambling St.,355
Coppin St.,356
Army,357
Texas Southern,358
Alcorn St.,359
Arkansas Pine Bluff,360
Morgan St.,361
Rider,362
West Florida,363
Mississippi Valley St.,364
Maryland Eastern Shore,365
