key,rank,team,lineup,vs_avg
474.l.21318.t.1,1,Puntaholics,2494.9,177.8
474.l.21318.t.6,2,Max's Majestic Team,2410.8,93.6
474.l.21318.t.5,3,Austin's Best Team,2355.7,38.6
474.l.21318.t.3,4,Jackson's Brilliant Team,2322.4,5.2
474.l.21318.t.2,5,Mike Locksley,2318.7,1.5
474.l.21318.t.8,6,Cameron's Choice Team,2314.3,-2.8
474.l.21318.t.9,7,Benjamin Brahman,2308.7,-8.4
474.l.21318.t.10,8,I Stand With Diggs,2296.0,-21.1
474.l.21318.t.7,9,Too B1G Too Strong Too Fast,2209.4,-107.8
474.l.21318.t.4,10,CCAM State,2140.6,-176.5
