key,rank,rating,pace,name
84,1,28.1,-0.98,Indiana
194,2,27.01,-2.75,Ohio State
87,3,26.22,1.28,Notre Dame
2390,4,24.17,1.12,Miami
61,5,23.91,1.79,Georgia
333,6,23.06,2.69,Alabama
251,7,22.15,-2.91,Texas
2483,8,20.48,4.96,Oregon
254,9,19.52,1.36,Utah
145,10,17.85,3.22,Ole Miss
213,11,17.81,-1.03,Penn State
245,12,17.67,2.27,Texas A&M
2633,13,16.93,6.18,Tennessee
2641,14,16.17,0.44,Texas Tech
99,15,15.83,-2.55,LSU
201,16,15.66,-9.36,Oklahoma
2294,17,14.62,-6.26,Iowa
256,18,14.26,0.75,James Madison
252,19,13.97,0.41,BYU
30,20,13.53,6.17,USC
57,21,13.23,2.38,Florida
2306,22,12.79,2.15,Kansas St
130,23,12.0,-4.42,Michigan
97,24,11.88,4.4,Louisville
2567,25,11.74,2.47,SMU
344,26,11.58,5.99,Mississippi St
221,27,11.02,-0.19,Pitt
142,28,10.8,-0.06,Missouri
248,29,9.44,0.67,Houston
66,30,9.17,-2.92,Iowa State
150,31,9.05,-0.11,Duke
258,32,9.0,-0.5,Virginia
2,33,8.94,-1.62,Auburn
238,34,8.78,1.85,Vanderbilt
2579,35,8.58,-1.16,South Carolina
2628,36,8.54,-0.79,TCU
58,37,7.99,4.37,South Florida
52,38,7.76,1.5,Florida St
9,39,7.68,-0.21,Arizona St
259,40,7.36,2.71,Virginia Tech
158,41,7.08,-0.12,Nebraska
264,42,6.9,-2.96,Washington
152,43,6.84,3.55,NC State
2116,44,6.75,-0.84,UCF
249,45,6.5,9.66,North Texas
2449,46,6.48,-3.1,N Dakota St
12,47,6.24,-1.53,Arizona
239,48,5.65,1.04,Baylor
2132,49,5.36,3.25,Cincinnati
356,50,4.7,1.03,Illinois
228,51,4.54,-1.77,Clemson
96,52,4.0,-2.15,Kentucky
68,53,3.92,1.92,Boise St
167,54,3.87,0.24,New Mexico
120,55,3.87,-0.04,Maryland
2655,56,3.67,-4.13,Tulane
26,57,2.99,2.57,UCLA
2305,58,2.76,0.36,Kansas
127,59,2.44,-3.01,Michigan St
154,60,2.28,0.52,Wake Forest
135,61,2.26,-2.57,Minnesota
59,62,2.16,-0.1,Georgia Tech
275,63,2.1,-6.03,Wisconsin
77,64,1.67,-4.73,Northwestern
349,65,1.23,-4.2,Army
277,66,1.18,1.96,West Virginia
2649,67,0.96,2.29,Toledo
235,68,0.77,3.15,Memphis
151,69,0.44,-0.7,East Carolina
41,70,0.14,4.54,UConn
265,71,0.12,-5.49,Washington St
2636,72,0.01,2.06,UTSA
8,73,-0.54,3.13,Arkansas
2348,74,-0.7,1.82,Louisiana Tech
278,75,-0.98,-4.77,Fresno St
153,76,-0.99,-6.07,North Carolina
295,77,-1.64,-2.37,Old Dominion
25,78,-2.05,-0.46,California
183,79,-2.2,-0.49,Syracuse
2439,80,-2.66,0.55,UNLV
197,81,-2.68,-1.25,Oklahoma St
2426,82,-2.87,1.11,Navy
21,83,-3.44,-5.81,San Diego St
2711,84,-3.68,-4.26,W Michigan
326,85,-3.81,8.08,Texas St
38,86,-4.12,-0.6,Colorado
55,87,-5.62,0.97,Jax State
164,88,-5.95,3.88,Rutgers
2005,89,-6.09,0.78,Air Force
2026,90,-6.5,0.56,App State
48,91,-6.7,1.17,Delaware
204,92,-6.75,0.16,Oregon St
2229,93,-6.87,-4.27,FIU
2335,94,-6.88,-0.97,Liberty
202,95,-7.04,-3.1,Tulsa
218,96,-7.09,3.52,Temple
6,97,-7.13,3.0,South Alabama
195,98,-7.27,2.61,Ohio
276,99,-7.36,1.55,Marshall
193,100,-7.54,-0.59,Miami OH
103,101,-7.7,-1.84,Boston College
338,102,-7.75,-2.59,Kennesaw St
24,103,-7.97,-1.11,Stanford
2653,104,-8.0,-3.66,Troy
309,105,-8.01,0.29,Louisiana
328,106,-8.13,-1.19,Utah State
290,107,-8.35,-1.27,GA Southern
2509,108,-8.58,5.08,Purdue
2247,109,-8.73,4.1,Georgia St
2032,110,-9.33,-0.43,Arkansas St
62,111,-9.33,-1.54,Hawai'i
324,112,-9.62,-0.23,Coastal
2226,113,-10.49,5.75,FAU
36,114,-10.62,2.87,Colorado St
98,115,-11.23,2.95,Western KY
166,116,-11.56,-0.79,New Mexico St
2534,117,-12.02,-1.2,Sam Houston
2623,118,-12.59,0.17,Missouri St
2572,119,-12.94,1.28,Southern Miss
5,120,-14.4,2.03,UAB
2393,121,-14.56,-0.22,MTSU
23,122,-14.86,0.02,San José St
2440,123,-15.04,-4.31,Nevada
242,124,-15.19,-3.47,Rice
2638,125,-15.75,3.27,UTEP
2117,126,-15.78,-6.4,C Michigan
16,127,-17.28,-2.16,Sacramento St
2084,128,-17.67,-0.81,Buffalo
2751,129,-17.95,-8.89,Wyoming
2006,130,-18.01,-1.13,Akron
2459,131,-18.93,-4.24,N Illinois
2429,132,-19.57,0.52,Charlotte
2199,133,-20.05,0.22,E Michigan
113,134,-22.0,-1.52,UMass
189,135,-23.05,-3.01,Bowling Green
2050,136,-23.3,0.56,Ball State
2433,137,-23.4,0.16,UL Monroe
2309,138,-25.86,2.26,Kent State
