key,rank,fpi,ap,numwins,gs,gs_rank,sp,sp_rank,elo,projectedw,probmakeplayoffs,probwinconf,prob6wins,probwinout,probwintitle,avgsosrank,sosremainingrank,accomplishmentrank,gamecontrolrank,name
2390,5,25.673,4.0,4.0,25.471,1,25.7,5,1962,11.353,85.1,72.2,100.0,18.1,9.9,108.0,37.0,14.0,3.0,Miami Hurricanes
87,2,27.822,3.0,4.0,25.451,2,28.1,3,2084,11.078,84.7,0.0,100.0,39.1,14.0,96.0,55.0,9.0,6.0,Notre Dame Fighting Irish
61,1,28.296,2.0,4.0,24.816,3,30.2,1,2023,10.991,84.0,35.4,100.0,22.8,16.0,88.0,22.0,7.0,2.0,Georgia Bulldogs
84,7,24.412,6.0,4.0,24.799,4,26.9,4,2106,10.689,68.7,27.3,100.0,15.4,7.2,109.0,30.0,15.0,20.0,Indiana Hoosiers
194,3,27.814,5.0,3.0,24.731,5,28.8,2,2044,9.726,68.5,39.9,99.8,16.4,12.1,24.0,7.0,30.0,1.0,Ohio State Buckeyes
333,6,24.643,7.0,4.0,24.05,6,23.0,6,1929,9.949,72.1,17.3,99.9,6.7,8.2,45.0,6.0,3.0,13.0,Alabama Crimson Tide
2483,9,21.729,15.0,3.0,21.304,7,21.6,8,1844,9.104,40.5,18.8,99.1,6.1,2.8,18.0,28.0,18.0,29.0,Oregon Ducks
251,4,26.907,1.0,4.0,21.125,8,22.4,7,1930,10.702,90.0,31.0,100.0,18.2,14.9,3.0,17.0,1.0,8.0,Texas Longhorns
99,8,22.113,11.0,3.0,19.58,9,21.3,10,1868,8.556,40.5,4.5,98.5,4.0,3.4,23.0,11.0,20.0,17.0,LSU Tigers
254,12,18.167,13.0,4.0,18.828,10,21.5,9,1918,10.587,49.9,32.1,99.9,16.0,1.7,106.0,61.0,13.0,4.0,Utah Utes
2641,13,16.977,12.0,4.0,16.561,11,20.2,11,1860,10.62,49.2,31.0,99.9,17.5,1.3,98.0,65.0,10.0,36.0,Texas Tech Red Raiders
256,49,5.899,,4.0,15.658,12,9.9,36,1793,11.233,28.1,55.8,100.0,27.8,0.1,123.0,117.0,26.0,7.0,James Madison Dukes
252,17,14.915,10.0,3.0,15.419,13,16.3,17,1692,9.072,30.3,19.3,98.1,1.3,0.8,116.0,40.0,25.0,22.0,BYU Cougars
2294,25,12.754,14.0,4.0,14.661,14,14.8,19,1841,8.738,22.7,3.0,98.6,0.8,0.4,67.0,34.0,5.0,40.0,Iowa Hawkeyes
145,19,14.409,9.0,3.0,14.338,15,11.1,32,1776,7.346,16.3,0.7,90.9,0.2,0.4,2.0,18.0,6.0,15.0,Ole Miss Rebels
201,21,13.859,,2.0,14.327,16,12.8,27,1731,5.904,3.8,0.5,59.9,0.2,0.1,4.0,8.0,49.0,45.0,Oklahoma Sooners
2633,11,18.208,17.0,3.0,14.262,17,17.7,14,1776,8.054,22.4,1.5,95.2,2.1,0.9,38.0,21.0,35.0,25.0,Tennessee Volunteers
221,22,13.455,,4.0,14.239,18,14.7,20,1687,9.304,22.2,7.6,99.6,1.5,0.4,120.0,49.0,22.0,16.0,Pittsburgh Panthers
57,10,19.25,8.0,4.0,13.593,19,18.5,12,1751,9.062,49.2,6.9,99.3,1.1,2.4,42.0,13.0,2.0,5.0,Florida Gators
344,20,14.258,16.0,4.0,13.292,20,15.1,18,1674,8.058,24.2,1.6,97.6,0.1,0.5,47.0,5.0,4.0,9.0,Mississippi State Bulldogs
245,16,15.085,,2.0,13.231,21,8.9,39,1742,6.435,3.2,0.1,74.9,0.3,0.1,21.0,15.0,66.0,72.0,Texas A&M Aggies
248,27,11.459,20.0,3.0,13.167,22,12.1,29,1535,7.886,7.2,3.3,93.8,1.3,0.1,50.0,54.0,43.0,11.0,Houston Cougars
30,18,14.792,18.0,4.0,13.133,23,17.8,13,1784,7.728,9.6,1.0,97.1,0.4,0.2,60.0,10.0,29.0,23.0,USC Trojans
213,15,15.646,,3.0,13.059,24,16.9,15,1901,8.94,9.0,2.0,99.3,8.1,0.2,118.0,60.0,65.0,14.0,Penn State Nittany Lions
26,32,10.353,23.0,4.0,12.037,25,13.8,24,1660,8.594,12.3,1.6,98.6,0.4,0.1,107.0,44.0,16.0,30.0,UCLA Bruins
130,23,13.275,,3.0,11.961,26,14.3,22,1739,7.135,6.4,0.7,88.7,0.1,0.1,62.0,14.0,36.0,62.0,Michigan Wolverines
2306,34,9.664,,3.0,10.874,27,14.0,23,1679,8.103,3.9,2.2,94.4,3.0,0.0,104.0,66.0,56.0,44.0,Kansas State Wildcats
142,35,9.605,25.0,3.0,10.406,28,13.7,25,1679,5.956,2.1,0.1,60.6,0.0,0.0,61.0,3.0,41.0,37.0,Missouri Tigers
2,24,13.039,,3.0,10.006,29,11.4,31,1679,6.569,6.4,0.3,78.4,0.0,0.1,40.0,2.0,27.0,41.0,Auburn Tigers
258,26,11.806,,3.0,9.799,30,14.4,21,1698,8.196,8.0,5.6,95.9,2.7,0.1,119.0,58.0,62.0,39.0,Virginia Cavaliers
150,30,10.899,,4.0,9.288,31,10.2,34,1667,8.795,15.6,4.2,98.7,0.6,0.2,103.0,46.0,11.0,31.0,Duke Blue Devils
2116,46,6.469,,3.0,9.042,32,8.7,40,1503,7.199,3.5,2.7,85.0,0.4,0.0,63.0,62.0,40.0,54.0,UCF Knights
97,31,10.798,,2.0,8.626,33,9.9,36,1674,7.281,3.6,3.2,87.7,3.3,0.0,48.0,64.0,70.0,70.0,Louisville Cardinals
12,50,5.563,,3.0,8.483,34,10.7,33,1646,6.562,1.2,0.5,74.8,0.1,0.0,68.0,47.0,50.0,42.0,Arizona Wildcats
2567,37,9.093,21.0,3.0,8.339,35,13.0,26,1695,8.001,4.6,2.4,96.2,0.6,0.0,58.0,57.0,37.0,35.0,SMU Mustangs
2579,33,9.85,,2.0,7.965,36,7.5,48,1655,5.139,0.7,0.0,39.3,0.0,0.0,15.0,9.0,88.0,61.0,South Carolina Gamecocks
158,14,15.952,,4.0,7.925,37,16.9,15,1732,8.754,25.7,4.1,99.4,0.5,0.8,121.0,20.0,21.0,24.0,Nebraska Cornhuskers
2628,47,6.255,,2.0,7.248,38,8.2,42,1607,5.493,0.7,0.7,48.7,0.1,0.0,86.0,39.0,92.0,67.0,TCU Horned Frogs
238,51,5.536,,3.0,6.903,39,7.5,48,1731,5.107,0.5,0.0,35.4,0.0,0.0,71.0,1.0,44.0,90.0,Vanderbilt Commodores
259,38,8.885,,4.0,6.583,40,12.3,28,1494,8.289,8.6,2.1,97.4,0.2,0.1,122.0,41.0,23.0,18.0,Virginia Tech Hokies
96,36,9.445,24.0,3.0,6.458,41,8.0,44,1553,6.14,4.2,0.1,64.4,0.0,0.0,10.0,16.0,12.0,10.0,Kentucky Wildcats
66,55,3.988,,2.0,6.385,42,3.4,58,1672,5.217,0.3,0.3,41.5,0.0,0.0,36.0,52.0,91.0,59.0,Iowa State Cyclones
2132,42,7.055,,4.0,6.217,43,9.2,38,1525,7.465,5.3,1.8,90.7,0.1,0.0,114.0,32.0,19.0,88.0,Cincinnati Bearcats
68,29,11.096,22.0,3.0,6.183,44,7.6,47,1665,9.651,33.7,67.9,99.7,37.4,0.1,31.0,88.0,31.0,26.0,Boise State Broncos
249,64,0.116,,2.0,6.182,45,-5.7,91,1662,7.742,0.6,16.1,93.4,4.9,0.0,29.0,102.0,77.0,69.0,North Texas Mean Green
356,44,6.768,,2.0,6.138,46,8.5,41,1577,5.538,0.4,0.1,50.3,0.1,0.0,16.0,36.0,76.0,55.0,Illinois Fighting Illini
9,57,3.044,,2.0,5.934,47,3.0,60,1535,5.911,1.0,0.7,58.9,0.0,0.0,35.0,53.0,46.0,33.0,Arizona State Sun Devils
154,48,5.989,,3.0,5.276,48,3.7,57,1530,7.766,3.9,0.6,94.8,1.0,0.0,13.0,68.0,17.0,38.0,Wake Forest Demon Deacons
152,58,2.744,,2.0,5.25,49,3.4,58,1514,5.861,0.1,0.1,58.8,0.2,0.0,53.0,67.0,79.0,27.0,NC State Wolfpack
2305,70,-0.443,,1.0,5.188,50,1.0,66,1481,3.979,0.1,0.1,15.1,0.0,0.0,94.0,48.0,111.0,93.0,Kansas Jayhawks
239,39,7.712,,3.0,4.939,51,8.1,43,1537,6.833,3.3,2.5,79.7,0.1,0.0,89.0,43.0,51.0,46.0,Baylor Bears
264,54,4.353,,3.0,4.92,52,12.1,29,1735,5.252,0.3,0.0,39.8,0.0,0.0,131.0,12.0,71.0,107.0,Washington Huskies
52,45,6.593,,2.0,4.916,53,5.7,53,1544,5.259,0.4,0.2,42.5,0.0,0.0,25.0,24.0,87.0,49.0,Florida State Seminoles
275,41,7.37,,3.0,4.689,54,6.9,51,1612,7.606,5.3,1.1,92.1,0.7,0.0,7.0,63.0,8.0,47.0,Wisconsin Badgers
58,73,-1.452,,4.0,4.326,55,3.9,55,1652,9.196,5.1,15.4,99.3,2.0,0.0,132.0,94.0,28.0,100.0,South Florida Bulls
228,40,7.389,,3.0,4.3,56,4.9,54,1572,7.291,4.4,1.7,89.9,0.2,0.0,22.0,51.0,24.0,75.0,Clemson Tigers
167,53,4.748,,3.0,4.231,57,7.7,46,1589,10.005,7.2,49.3,99.8,22.5,0.0,84.0,114.0,64.0,32.0,New Mexico Lobos
135,61,1.787,,3.0,3.54,58,6.5,52,1506,5.263,0.2,0.1,40.6,0.0,0.0,81.0,25.0,42.0,50.0,Minnesota Golden Gophers
77,28,11.24,,2.0,3.379,59,7.3,50,1640,7.123,5.9,0.4,87.2,0.1,0.1,12.0,31.0,39.0,28.0,Northwestern Wildcats
2649,62,0.878,,3.0,3.039,60,0.3,67,1614,10.247,2.3,46.3,99.9,28.8,0.0,117.0,138.0,67.0,98.0,Toledo Rockets
197,43,6.898,19.0,3.0,2.336,61,10.2,34,1330,7.188,3.8,2.7,86.3,0.3,0.0,44.0,56.0,32.0,52.0,Oklahoma State Cowboys
2449,69,-0.384,,4.0,1.779,62,7.8,45,1594,9.943,7.6,27.2,99.9,4.2,0.0,135.0,96.0,34.0,12.0,North Dakota State Bison
127,56,3.598,,2.0,1.128,63,0.3,67,1510,5.035,0.1,0.0,36.5,0.0,0.0,8.0,42.0,55.0,66.0,Michigan State Spartans
153,52,5.278,,2.0,1.112,64,3.0,60,1396,5.51,0.7,0.2,48.7,0.0,0.0,65.0,26.0,48.0,19.0,North Carolina Tar Heels
151,85,-4.112,,2.0,0.366,65,-2.8,79,1462,6.79,0.1,5.9,79.5,1.0,0.0,32.0,100.0,90.0,109.0,East Carolina Pirates
235,65,0.021,,3.0,0.323,66,2.3,63,1529,8.53,2.8,17.6,96.9,4.0,0.0,77.0,101.0,45.0,51.0,Memphis Tigers
326,75,-2.015,,2.0,0.219,67,-1.8,76,1475,5.732,0.4,6.4,55.8,0.4,0.0,26.0,71.0,75.0,63.0,Texas State Bobcats
59,66,0.004,,1.0,-0.05,68,-0.1,69,1493,3.319,0.0,0.0,5.8,0.0,0.0,69.0,29.0,113.0,80.0,Georgia Tech Yellow Jackets
8,60,2.16,,2.0,-0.17,69,-0.3,70,1516,3.749,0.0,0.0,9.0,0.0,0.0,5.0,4.0,58.0,64.0,Arkansas Razorbacks
41,97,-7.171,,2.0,-0.215,70,-3.7,85,1470,5.393,0.0,0.0,45.8,0.0,0.0,129.0,78.0,102.0,78.0,UConn Huskies
2348,94,-6.747,,1.0,-0.33,71,-9.8,108,1377,6.247,0.1,6.2,65.5,0.6,0.0,6.0,121.0,105.0,65.0,Louisiana Tech Bulldogs
349,79,-2.324,,2.0,-0.584,72,-0.8,72,1524,7.326,0.5,7.8,83.9,0.7,0.0,127.0,91.0,78.0,71.0,Army Black Knights
2655,78,-2.184,,2.0,-0.733,73,-7.3,97,1517,6.616,0.3,8.6,74.3,0.9,0.0,41.0,85.0,73.0,101.0,Tulane Green Wave
120,74,-1.69,,2.0,-0.758,74,3.9,55,1316,4.106,0.0,0.0,13.3,0.0,0.0,97.0,23.0,86.0,105.0,Maryland Terrapins
2636,68,-0.181,,3.0,-1.007,75,-1.0,73,1519,8.525,4.9,19.4,96.2,4.1,0.0,27.0,103.0,33.0,60.0,UTSA Roadrunners
2439,81,-2.901,,2.0,-1.356,76,-2.4,78,1491,7.095,0.0,13.7,84.4,1.3,0.0,113.0,89.0,98.0,94.0,UNLV Rebels
265,98,-7.306,,1.0,-1.613,77,-9.3,105,1521,3.444,0.0,1.1,7.4,0.0,0.0,49.0,73.0,118.0,97.0,Washington State Cougars
277,59,2.523,,3.0,-2.091,78,1.4,64,1352,5.867,0.4,0.1,58.0,0.0,0.0,85.0,38.0,47.0,34.0,West Virginia Mountaineers
183,63,0.564,,1.0,-2.151,79,-1.2,74,1290,4.257,0.0,0.0,21.5,0.0,0.0,56.0,50.0,107.0,68.0,Syracuse Orange
25,76,-2.133,,2.0,-2.888,80,-3.2,81,1338,4.595,0.0,0.0,24.9,0.0,0.0,79.0,59.0,74.0,85.0,California Golden Bears
204,67,-0.097,,2.0,-3.062,81,1.2,65,1337,6.189,0.7,10.4,67.6,1.2,0.0,37.0,74.0,72.0,43.0,Oregon State Beavers
38,71,-0.633,,2.0,-3.191,82,-3.3,82,1327,4.06,0.1,0.1,15.0,0.0,0.0,30.0,45.0,59.0,76.0,Colorado Buffaloes
2335,77,-2.142,,3.0,-3.46,83,2.5,62,1725,9.466,1.1,47.0,98.9,12.0,0.0,112.0,135.0,69.0,102.0,Liberty Flames
164,84,-3.653,,1.0,-3.57,84,-1.6,75,1373,2.503,0.0,0.0,1.2,0.0,0.0,102.0,27.0,133.0,131.0,Rutgers Scarlet Knights
295,110,-9.977,,1.0,-3.614,85,-7.9,101,1279,4.646,0.0,0.3,29.5,0.1,0.0,83.0,110.0,126.0,121.0,Old Dominion Monarchs
2426,96,-7.079,,1.0,-3.767,86,-3.7,85,1506,4.486,0.0,0.5,26.0,0.0,0.0,134.0,69.0,122.0,123.0,Navy Midshipmen
278,72,-0.884,,3.0,-3.924,87,-0.3,70,1604,6.813,1.7,8.3,79.7,0.9,0.0,91.0,77.0,60.0,81.0,Fresno State Bulldogs
55,105,-8.486,,3.0,-4.695,88,-2.2,77,1435,7.29,0.0,14.3,87.3,2.6,0.0,124.0,134.0,101.0,115.0,Jacksonville State Gamecocks
193,101,-7.681,,2.0,-5.097,89,-4.3,88,1267,7.455,0.1,10.2,90.2,3.0,0.0,46.0,132.0,80.0,58.0,Miami (OH) RedHawks
2005,89,-5.34,,2.0,-5.323,90,-3.4,83,1429,7.467,0.2,6.5,88.3,0.5,0.0,130.0,99.0,81.0,118.0,Air Force Falcons
21,91,-5.577,,1.0,-5.357,91,-7.8,100,1415,4.028,0.0,2.5,14.6,0.1,0.0,59.0,72.0,117.0,111.0,San Diego State Aztecs
195,111,-9.993,,2.0,-6.245,92,-10.5,109,1318,7.342,0.0,6.5,89.4,2.4,0.0,64.0,136.0,96.0,119.0,Ohio Bobcats
309,82,-3.043,,3.0,-6.249,93,-3.0,80,1443,8.789,2.1,15.0,98.0,6.5,0.0,73.0,128.0,57.0,48.0,Louisiana Ragin' Cajuns
2026,90,-5.571,,3.0,-6.3,94,-4.4,89,1320,7.792,0.6,6.0,93.3,1.0,0.0,115.0,108.0,63.0,74.0,App State Mountaineers
290,100,-7.372,,1.0,-6.352,95,-8.6,103,1341,5.06,0.0,3.3,38.7,0.3,0.0,76.0,104.0,119.0,84.0,Georgia Southern Eagles
2247,99,-7.358,,3.0,-6.403,96,-11.2,111,1320,6.964,0.3,2.7,81.7,0.2,0.0,110.0,92.0,68.0,53.0,Georgia State Panthers
2711,80,-2.793,,2.0,-6.599,97,-7.2,96,1463,8.459,0.2,25.5,98.0,10.7,0.0,51.0,131.0,82.0,73.0,Western Michigan Broncos
103,86,-4.807,,2.0,-6.633,98,-4.6,90,1375,3.402,0.0,0.0,4.2,0.0,0.0,82.0,19.0,84.0,77.0,Boston College Eagles
328,95,-6.961,,1.0,-6.81,99,-9.3,105,1374,3.562,0.0,1.5,8.2,0.0,0.0,34.0,70.0,108.0,112.0,Utah State Aggies
218,88,-5.158,,1.0,-7.226,100,-6.1,92,1336,5.618,0.0,1.5,53.9,0.7,0.0,72.0,98.0,114.0,79.0,Temple Owls
2509,83,-3.132,,1.0,-7.363,101,-6.4,94,1288,3.07,0.0,0.0,3.6,0.0,0.0,9.0,33.0,103.0,86.0,Purdue Boilermakers
24,92,-5.727,,2.0,-7.445,102,-8.4,102,1333,4.215,0.0,0.0,12.0,0.0,0.0,14.0,35.0,61.0,87.0,Stanford Cardinal
202,87,-4.884,,3.0,-7.55,103,-3.4,83,1221,7.384,0.4,4.9,89.1,0.5,0.0,105.0,95.0,52.0,82.0,Tulsa Golden Hurricane
338,113,-11.164,,1.0,-7.821,104,-11.7,113,1284,4.836,0.0,5.5,33.3,0.2,0.0,54.0,126.0,125.0,116.0,Kennesaw State Owls
2653,106,-8.591,,2.0,-8.443,105,-8.8,104,1395,5.949,0.0,2.7,60.8,0.1,0.0,95.0,87.0,100.0,83.0,Troy Trojans
2226,102,-8.242,,3.0,-8.997,106,-4.2,87,1300,6.607,0.2,2.1,77.4,0.0,0.0,52.0,82.0,53.0,57.0,Florida Atlantic Owls
2229,116,-11.821,,2.0,-9.081,107,-7.6,99,1397,5.868,0.0,4.9,57.9,0.1,0.0,126.0,120.0,106.0,113.0,Florida International Panthers
2032,109,-9.898,,2.0,-9.116,108,-9.5,107,1320,6.056,0.0,2.6,62.9,0.2,0.0,101.0,116.0,99.0,106.0,Arkansas State Red Wolves
2572,115,-11.774,,1.0,-9.345,109,-18.4,128,1227,4.292,0.0,1.1,20.7,0.0,0.0,75.0,105.0,128.0,120.0,Southern Miss Golden Eagles
98,119,-12.784,,1.0,-9.513,110,-16.4,123,1202,4.562,0.0,4.0,26.8,0.1,0.0,1.0,124.0,109.0,96.0,Western Kentucky Hilltoppers
48,108,-8.945,,2.0,-9.786,111,-10.7,110,1328,6.514,0.0,12.0,71.1,0.8,0.0,57.0,129.0,89.0,95.0,Delaware Blue Hens
6,107,-8.826,,2.0,-10.195,112,-15.4,121,1346,6.266,0.0,3.3,67.8,0.4,0.0,90.0,118.0,93.0,56.0,South Alabama Jaguars
166,125,-15.458,,1.0,-11.501,113,-17.8,126,1231,3.933,0.0,1.4,14.9,0.0,0.0,93.0,127.0,129.0,125.0,New Mexico State Aggies
2534,117,-11.924,,1.0,-11.563,114,-14.1,117,1142,4.86,0.0,4.5,33.5,0.2,0.0,55.0,123.0,124.0,92.0,Sam Houston Bearkats
36,93,-6.612,,2.0,-11.724,115,-7.3,97,1314,4.581,0.0,1.9,24.7,0.0,0.0,87.0,75.0,95.0,99.0,Colorado State Rams
62,112,-11.142,,1.0,-12.288,116,-12.2,114,1378,4.67,0.0,0.2,27.2,0.0,0.0,128.0,86.0,132.0,136.0,Hawai'i Rainbow Warriors
324,114,-11.766,,1.0,-12.345,117,-11.4,112,1270,3.995,0.0,0.6,16.2,0.0,0.0,111.0,83.0,130.0,122.0,Coastal Carolina Chanticleers
276,120,-13.075,,3.0,-12.56,118,-12.5,115,1397,6.199,0.1,0.6,66.3,0.0,0.0,74.0,97.0,54.0,104.0,Marshall Thundering Herd
242,123,-13.954,,1.0,-13.032,119,-15.1,119,1169,2.892,0.0,0.0,4.0,0.0,0.0,19.0,79.0,115.0,108.0,Rice Owls
5,122,-13.337,,2.0,-13.167,120,-14.3,118,1400,4.834,0.0,0.2,27.5,0.0,0.0,99.0,81.0,94.0,127.0,UAB Blazers
2623,118,-12.219,,1.0,-13.338,121,-17.6,125,1292,4.688,0.0,4.8,29.9,0.1,0.0,33.0,125.0,120.0,89.0,Missouri State Bears
23,121,-13.233,,2.0,-13.52,122,-15.1,119,1393,5.611,0.0,1.1,50.8,0.0,0.0,70.0,106.0,97.0,117.0,San José State Spartans
2440,104,-8.475,,1.0,-13.683,123,-6.5,95,1435,4.647,0.0,1.5,26.2,0.0,0.0,133.0,76.0,131.0,129.0,Nevada Wolf Pack
2393,124,-13.965,,2.0,-13.876,124,-16.0,122,1290,5.108,0.0,1.7,38.2,0.0,0.0,136.0,107.0,110.0,124.0,Middle Tennessee Blue Raiders
113,103,-8.345,,4.0,-14.347,125,-6.2,93,1188,9.249,1.7,9.3,99.6,1.5,0.0,138.0,122.0,38.0,21.0,Massachusetts Minutemen
2751,126,-16.111,,2.0,-14.955,126,-12.7,116,1322,4.527,0.0,0.4,23.2,0.0,0.0,137.0,93.0,112.0,137.0,Wyoming Cowboys
2006,132,-20.103,,1.0,-15.865,127,-23.1,132,886,3.628,0.0,0.2,10.1,0.0,0.0,92.0,130.0,127.0,128.0,Akron Zips
2638,133,-20.424,,1.0,-16.64,128,-24.0,134,1078,3.052,0.0,0.1,3.8,0.0,0.0,20.0,90.0,116.0,103.0,UTEP Miners
2117,127,-16.405,,2.0,-16.673,129,-18.7,129,1224,6.038,0.0,1.1,63.5,0.2,0.0,17.0,137.0,83.0,110.0,Central Michigan Chippewas
2199,131,-18.688,,2.0,-17.988,130,-18.0,127,1182,4.218,0.0,0.3,14.6,0.0,0.0,100.0,111.0,123.0,114.0,Eastern Michigan Eagles
2459,128,-18.102,,0.0,-18.111,131,-23.9,133,1194,2.561,0.0,0.2,2.2,0.0,0.0,43.0,109.0,135.0,132.0,Northern Illinois Huskies
16,138,-27.65,,1.0,-21.496,132,-22.9,131,1185,2.466,0.0,0.0,0.6,0.0,0.0,125.0,133.0,134.0,138.0,Sacramento State Hornets
2429,129,-18.565,,0.0,-21.514,133,-27.3,137,1123,1.431,0.0,0.0,0.2,0.0,0.0,66.0,84.0,135.0,134.0,Charlotte 49ers
2084,130,-18.619,,2.0,-21.98,134,-17.2,124,1262,4.913,0.0,0.3,33.1,0.0,0.0,78.0,115.0,104.0,133.0,Buffalo Bulls
189,134,-21.411,,0.0,-22.695,135,-26.4,136,1156,2.788,0.0,0.1,1.9,0.0,0.0,39.0,112.0,135.0,126.0,Bowling Green Falcons
2050,136,-23.271,,1.0,-23.555,136,-25.0,135,1049,3.268,0.0,0.1,3.9,0.0,0.0,28.0,80.0,121.0,130.0,Ball State Cardinals
2433,137,-24.568,,0.0,-23.725,137,-29.0,138,1022,1.175,0.0,0.0,0.1,0.0,0.0,80.0,113.0,135.0,135.0,UL Monroe Warhawks
2309,135,-21.591,,2.0,-23.797,138,-22.4,130,1039,4.498,0.0,0.2,22.8,0.0,0.0,11.0,119.0,85.0,91.0,Kent State Golden Flashes
