key,rank,fpi,numwins,gs,gs_rank,off,def,st,projectedw,probmakeplayoffs,probwindiv,probmaketitlegame,probwintitle,avgsosrank,sosremainingrank,accomplishmentrank,abbr
26,3,4.712,2.0,7.084,1.0,1.613,2.931,0.168,10.622,75.4,16.1,12.0,6.5,28.0,1.0,,SEA
30,4,4.638,2.0,5.589,2.0,2.66,1.712,0.265,11.252,91.6,82.3,20.9,10.2,24.0,21.0,,JAX
2,5,4.468,3.0,4.905,3.0,4.913,-0.672,0.227,12.122,96.6,88.9,24.1,11.4,11.0,24.0,,BUF
14,6,4.118,1.0,4.261,4.0,2.666,1.889,-0.437,9.642,56.4,6.0,7.7,4.1,8.0,6.0,,LAR
25,1,7.33,3.0,3.827,5.0,6.619,0.336,0.376,13.153,98.1,77.9,41.8,26.6,31.0,11.0,,SF
16,12,0.732,3.0,3.033,6.0,-2.758,3.137,0.353,10.563,75.3,33.5,5.6,2.3,12.0,20.0,,MIN
12,2,4.725,3.0,3.029,7.0,2.969,1.781,-0.024,11.899,95.3,79.6,22.9,11.2,30.0,13.0,,KC
3,18,-1.07,2.0,2.813,8.0,-2.349,0.914,0.365,10.502,72.2,29.2,11.2,5.6,19.0,18.0,,CHI
33,7,3.738,2.0,2.642,9.0,3.238,0.707,-0.206,11.198,88.8,57.2,14.6,6.4,13.0,28.0,,BAL
17,14,0.114,1.0,2.353,10.0,-0.853,1.138,-0.171,8.313,38.8,9.0,1.7,0.6,6.0,22.0,,NE
8,9,2.35,2.0,2.264,11.0,3.74,-1.55,0.159,10.799,76.3,35.4,7.8,3.3,15.0,31.0,,DET
7,11,0.788,2.0,2.019,12.0,-0.906,1.588,0.106,9.364,58.1,12.4,3.3,1.1,1.0,23.0,,DEN
34,13,0.533,0.0,1.667,13.0,-1.379,1.97,-0.059,7.652,20.8,7.2,1.2,0.4,7.0,26.0,,HOU
21,15,-0.769,2.0,1.016,14.0,-1.066,0.406,-0.11,8.589,37.9,28.7,1.6,0.6,18.0,7.0,,PHI
4,10,1.91,2.0,0.129,15.0,2.558,-0.538,-0.11,10.574,79.1,35.3,8.3,3.6,21.0,30.0,,CIN
11,19,-1.103,1.0,-0.381,16.0,-0.035,-1.334,0.266,8.047,29.3,10.3,0.9,0.3,3.0,29.0,,IND
9,17,-1.001,1.0,-1.231,17.0,0.27,-1.433,0.161,7.385,12.3,2.0,0.2,0.1,27.0,4.0,,GB
23,23,-2.243,2.0,-1.233,18.0,-2.353,-0.172,0.282,7.877,23.8,4.5,0.5,0.2,25.0,19.0,,PIT
6,8,3.409,1.0,-1.409,19.0,4.233,-1.194,0.37,9.717,68.2,58.9,8.1,4.0,14.0,14.0,,DAL
27,31,-7.097,0.0,-1.565,20.0,-7.703,0.237,0.369,5.482,8.5,7.9,0.2,0.1,17.0,17.0,,TB
24,16,-0.775,0.0,-1.851,21.0,-2.277,1.527,-0.025,5.897,5.8,0.6,0.2,0.1,20.0,3.0,,LAC
18,20,-1.123,1.0,-1.918,22.0,-0.55,-0.634,0.061,8.375,55.1,53.3,2.1,0.7,9.0,32.0,,NO
29,21,-2.022,1.0,-2.375,23.0,-1.572,-0.568,0.117,7.062,28.5,26.7,0.7,0.3,23.0,15.0,,CAR
28,24,-2.377,1.0,-2.676,24.0,-0.814,-1.602,0.039,7.607,18.7,10.6,0.7,0.3,5.0,16.0,,WSH
1,26,-3.484,1.0,-2.797,25.0,-3.103,-0.409,0.028,6.24,13.5,12.1,0.3,0.0,26.0,8.0,,ATL
13,22,-2.069,3.0,-2.812,26.0,-2.285,0.185,0.031,8.502,38.8,7.4,1.1,0.3,32.0,5.0,,LV
19,30,-6.669,2.0,-2.924,27.0,-5.614,-1.536,0.481,5.698,2.5,1.9,0.0,0.0,10.0,12.0,,NYG
22,27,-4.718,1.0,-3.136,28.0,-1.602,-3.034,-0.081,5.386,1.2,0.0,0.0,0.0,2.0,2.0,,ARI
5,28,-4.732,3.0,-3.664,29.0,-4.29,-0.527,0.086,7.683,18.8,3.1,0.2,0.0,16.0,27.0,,CLE
15,32,-8.268,0.0,-4.988,30.0,-4.481,-3.267,-0.52,2.979,0.1,0.0,0.0,0.0,4.0,9.0,,MIA
20,25,-3.313,1.0,-5.127,31.0,-2.314,-1.078,0.078,6.871,13.6,2.1,0.3,0.1,22.0,25.0,,NYJ
10,29,-5.596,0.0,-6.542,32.0,-3.824,-0.911,-0.862,4.25,0.8,0.2,0.0,0.0,29.0,10.0,,TEN
